{
  "train_loss": [
    1.288776,
    1.154017,
    1.039503,
    0.985619,
    0.942284,
    0.899282,
    0.851469,
    0.823196,
    0.81916,
    0.760661,
    0.759755,
    0.792092,
    0.746516,
    0.717807,
    0.697385,
    0.666814,
    0.64271,
    0.625768,
    0.614137,
    0.651289,
    0.603928,
    0.619746,
    0.579334,
    0.612801,
    0.587182,
    0.60105,
    0.595983,
    0.565316,
    0.569184,
    0.543019,
    0.545332,
    0.553739,
    0.559748,
    0.571449,
    0.532127,
    0.577574,
    0.51046,
    0.53973,
    0.5421,
    0.533607,
    0.564267,
    0.490983,
    0.52946,
    0.499964,
    0.503361,
    0.519188,
    0.526222,
    0.484967,
    0.476321,
    0.494604
  ],
  "val_accuracy": [
    0.520833,
    0.520833,
    0.541667,
    0.541667,
    0.583333,
    0.583333,
    0.5625,
    0.604167,
    0.541667,
    0.604167,
    0.604167,
    0.604167,
    0.645833,
    0.604167,
    0.604167,
    0.645833,
    0.625,
    0.645833,
    0.708333,
    0.708333,
    0.729167,
    0.6875,
    0.6875,
    0.6875,
    0.708333,
    0.708333,
    0.708333,
    0.708333,
    0.666667,
    0.708333,
    0.6875,
    0.708333,
    0.729167,
    0.708333,
    0.6875,
    0.708333,
    0.6875,
    0.708333,
    0.708333,
    0.6875,
    0.6875,
    0.75,
    0.770833,
    0.770833,
    0.708333,
    0.75,
    0.729167,
    0.708333,
    0.729167,
    0.708333
  ],
  "epochs": [
    1,
    2,
    3,
    4,
    5,
    6,
    7,
    8,
    9,
    10,
    11,
    12,
    13,
    14,
    15,
    16,
    17,
    18,
    19,
    20,
    21,
    22,
    23,
    24,
    25,
    26,
    27,
    28,
    29,
    30,
    31,
    32,
    33,
    34,
    35,
    36,
    37,
    38,
    39,
    40,
    41,
    42,
    43,
    44,
    45,
    46,
    47,
    48,
    49,
    50
  ],
  "per_class_accuracy": {
    "attentive": 0.8571,
    "distracted": 0.72,
    "hand_raising": 0.7778,
    "writing": 0.0
  },
  "val_predictions": [
    1,
    0,
    0,
    0,
    1,
    1,
    0,
    2,
    1,
    1,
    0,
    1,
    0,
    1,
    1,
    1,
    0,
    0,
    1,
    1,
    1,
    2,
    0,
    2,
    0,
    0,
    1,
    1,
    1,
    0,
    2,
    2,
    1,
    0,
    0,
    1,
    0,
    2,
    0,
    0,
    2,
    2,
    1,
    0,
    2,
    1,
    0,
    0
  ],
  "val_true_labels": [
    1,
    0,
    1,
    1,
    1,
    1,
    0,
    2,
    1,
    1,
    0,
    1,
    0,
    1,
    1,
    1,
    1,
    0,
    1,
    1,
    1,
    2,
    0,
    2,
    0,
    0,
    1,
    0,
    1,
    1,
    2,
    2,
    1,
    2,
    0,
    1,
    1,
    2,
    0,
    1,
    2,
    0,
    1,
    0,
    1,
    1,
    0,
    2
  ],
  "label_names": [
    "attentive",
    "distracted",
    "hand_raising",
    "writing"
  ],
  "class_distribution": {
    "attentive": 80,
    "distracted": 114,
    "hand_raising": 42,
    "writing": 0
  }
}